block,position,run_id,cell,context,briefing,implementation_sessions,status
1,1,B1-R1,FN,fresh-per-item,absent,5,scheduled
1,2,B1-R2,CN,continuous,absent,1,scheduled
1,3,B1-R3,CA,continuous,present,1,scheduled
1,4,B1-R4,FA,fresh-per-item,present,5,scheduled
2,1,B2-R1,FA,fresh-per-item,present,5,scheduled
2,2,B2-R2,FN,fresh-per-item,absent,5,scheduled
2,3,B2-R3,CA,continuous,present,1,scheduled
2,4,B2-R4,CN,continuous,absent,1,scheduled
3,1,B3-R1,CN,continuous,absent,1,scheduled
3,2,B3-R2,FN,fresh-per-item,absent,5,scheduled
3,3,B3-R3,FA,fresh-per-item,present,5,scheduled
3,4,B3-R4,CA,continuous,present,1,scheduled
