coder_id,study,blind_alias,dimension,category,confidence,evidence_paths,rationale,exposure_or_conflict
,S1,X,D1,,,,,
,S1,X,D2,,,,,
,S1,X,D3,,,,,
,S1,X,D4,,,,,
,S1,X,D5,,,,,
,S1,X,D6,,,,,
,S1,X,D7,,,,,
,S1,X,D8,,,,,
,S1,Y,D1,,,,,
,S1,Y,D2,,,,,
,S1,Y,D3,,,,,
,S1,Y,D4,,,,,
,S1,Y,D5,,,,,
,S1,Y,D6,,,,,
,S1,Y,D7,,,,,
,S1,Y,D8,,,,,
,S2,M,D1,,,,,
,S2,M,D2,,,,,
,S2,M,D3,,,,,
,S2,M,D4,,,,,
,S2,M,D5,,,,,
,S2,M,D6,,,,,
,S2,M,D7,,,,,
,S2,M,D8,,,,,
,S2,N,D1,,,,,
,S2,N,D2,,,,,
,S2,N,D3,,,,,
,S2,N,D4,,,,,
,S2,N,D5,,,,,
,S2,N,D6,,,,,
,S2,N,D7,,,,,
,S2,N,D8,,,,,
